Date,Ambuja Cement Ltd.,Asian Paints,Can Fin Homes Ltd,Century Plyboards(India) Ltd.,Crompton Greaves Consumer Electricals Ltd.,Housing Development Finance Corporation Ltd.,Heidelbergcement India Ltd,JK Cement Ltd,Kajaria Ceramics Ltd.,Orient Electric Ltd.,Polycab India Ltd,Prince Pipes and Fittings Ltd.,Supreme Industries Ltd.,
12/31/2019,0.003066732,-0.009626642,-0.006947954,-0.008029573,-0.007037868,-0.010540327,-0.002565547,0.007195153,0.019706872,-0.02031776,0.00252589,-0.086578775,0.010868634,
1/1/2020,0.003821656,0.004621978,0.00585172,0.030510546,0.011048546,0.008870242,0,0.006544916,0.000666366,0.015155495,0.001662912,0.022302455,-0.011575563,
1/2/2020,0.042385818,-0.001421998,0.012520505,0.009063444,-0.008041225,0.013332218,0.041726226,0.03714403,0.014175649,0.004714558,-0.016953452,-0.000962523,0.002500195,
1/3/2020,-0.009496042,-0.021919414,-0.012615508,0.002095845,0.000415676,-0.004845099,0.007681722,0.049049418,0.007129433,-0.004431731,0.005322156,-0.024405929,0.00748156,
1/6/2020,-0.031956736,-0.025265502,-0.02998104,-0.011951,-0.011219601,-0.028662167,-0.023958584,-0.017655636,-0.020026081,0.012568783,-0.022041257,-0.011191554,-0.012203003,
1/7/2020,0.010665344,0.01010456,0.01238915,-0.006350185,0.006513986,0.012981817,0.039330561,0.020318939,0.008174105,-0.005689196,-0.000884838,0.022303636,0.004792008,
1/8/2020,0.013316552,0.002551626,-0.009918862,-0.008216714,0.000626279,-0.003685284,0.038110525,-0.005884683,0.036108278,0.006762044,0.008648073,-0.001953781,0.004681668,
1/9/2020,0.031242268,0.02530657,0.005984955,0.003375287,-0.003755451,0.021299587,0.009565699,0.00129368,0.016651546,0.011108209,0.003822129,0.05644368,0.03688701,
1/10/2020,0.018273638,0.011283179,-0.00206937,0,-0.000837684,6.11E-05,-0.014084507,-0.001174536,0,-0.013030164,0.059171598,0.021000675,0.010500231,
1/13/2020,-0.001180638,0.006889613,-0.000129569,0.000305829,0.006707151,0.002034547,-0.002337646,0.000195986,-0.032489078,0.012425624,0.039640562,0.025105831,0.012261524,
1/14/2020,-0.010401877,0.007895174,0.001814678,-0.00183432,0.010202008,0.012080973,0.022650303,0.018732629,0.016743733,-0.011761713,-0.020326152,0.012983163,-0.004639815,
1/15/2020,0.013139035,0.012698225,-0.028334873,-0.002143988,0.01463309,-0.001484553,-0.007382877,0.011079072,-0.000272884,0.057697252,0.033339645,-0.008156096,0.002475145,
1/16/2020,-0.010846513,-0.00385397,0.025299601,0.00429719,0.000812562,-0.00261191,0.011797913,-0.028725792,0.000637014,0.025929566,0.027094369,0.023201157,0.017159767,
1/17/2020,0.003098898,-0.002779051,0.00974026,0.041259167,0.031865194,-0.011341262,-0.009632415,-0.009440652,0.016371078,0.015259881,-0.003640056,-0.024110201,0.043571466,
1/20/2020,-0.01592201,0.010218273,0.00141476,0,0.003737203,0.000163062,-0.003071441,0.010835665,-0.002058209,-0.012916863,0.018582811,-0.021764688,0.024151986,
1/21/2020,0.002656378,-0.020554429,0.190855434,-0.003228665,-0.000195915,0.004522522,-0.002053884,0.009115373,-0.015243903,-0.003093,-0.041092878,0.03217072,0.002422554,
1/22/2020,0.013246628,-0.017396107,-0.018334771,-0.001766802,0.022932207,-0.019813768,0.01749418,0.007598705,0.004370833,0.015990483,-0.081690152,0.006117117,-0.00558872,
1/23/2020,0.01568808,-0.001770423,0.048560769,0.007374631,-0.003257352,0.004882812,0.02579017,0.001769949,0.017769697,-0.019967112,0.009604735,0.000868611,0.004974595,
1/24/2020,0.010765285,0.006024477,-0.009534824,0.006442203,0.008842706,0.009203631,-0.002711378,0.056652325,0.022180674,0.011265536,0.015938637,-0.006074649,-0.001738182,
1/27/2020,-0.001852252,0.000867432,-0.005395087,-0.000872907,-0.001905488,-0.022421688,0.002965847,0.006542837,0.007581657,0.022517184,-0.021522726,0.014551804,0.022521671,
1/28/2020,0.002783534,-0.005172366,0.007551559,-0.00640647,-0.012409317,0.014942837,-0.013553475,0.003538985,-0.008735492,0.067918449,-0.003407179,0.022662059,-0.000370178,
1/29/2020,-0.009715433,0.010033149,0.030191108,0.002930832,-0.001546468,-0.011247778,-0.000249752,0.009032386,0.010208597,0.017581887,-0.00522877,-0.002244005,0.001925713,
1/30/2020,-0.019388036,0.00447984,-0.014038336,-0.005844535,0.034075461,0.004471249,0.000499704,-0.014265335,-0.003454828,0.010665529,-0.013797598,-0.02024181,0.019662903,
1/31/2020,-0.025726508,-0.005180042,0.006131743,0.003527283,0.065156432,-0.000414079,0.000249765,0.002858141,0.006153558,0.062895777,0.009122086,0.00975608,0.010801815,
2/3/2020,-0.018337408,0.0400969,0.007643864,-0.011423532,0.010546669,-0.063898094,-0.023970053,-0.022872364,-0.042380974,-0.025615555,0.002285308,-0.049445849,-0.046116364,
2/4/2020,0.030137002,0.012662985,-0.008200923,0.003851816,-0.012350037,0.038145791,0.009721203,0.02056487,0.010434558,0.008355361,0.013173896,0.024813117,0.015037594,
2/5/2020,-0.00193428,-0.009411541,-0.009509057,0.00678872,0.016907427,0.019480361,0.011907731,0.008248336,0.005697411,-0.013540788,0.010602157,-0.015752608,0.016962981,
2/6/2020,0.005329487,-0.008913772,0.023270362,0.006742855,-0.017492269,0.018731859,-0.005758607,0.000358809,-0.002655572,0.006965773,0.046120323,-0.002074635,-0.003496284,
2/7/2020,0.011084352,0.001023213,-0.005404842,-0.001747251,0.003525472,-0.012641363,0.033996474,0.015064562,-0.017928421,0.011597176,0.001182592,0.022571949,0.01600762,
2/10/2020,-0.012869385,0.005810539,-0.013636817,-0.022462024,-0.011241812,0.003595763,0.007306381,0.004028234,-0.015002237,-0.01307321,-0.018662887,0.041824063,-0.003273416,
2/11/2020,0.023660037,0.004600147,0.023908524,-0.009549424,-0.027003041,0.008635983,-0.009912974,0.000281569,-0.000458758,0.016506981,0.003899903,-0.013381707,0.006712656,
2/12/2020,-0.002830217,0.008306254,0.03695434,-0.014763465,0.030856241,0.001006178,-0.031501817,-0.001442493,0.008261428,-0.003007217,0.022157186,0.010172382,-0.003083025,
2/13/2020,-0.013481509,-0.01037646,-0.008517733,-0.019266018,-0.015054907,-0.013927713,-0.006555739,-0.002466439,-0.007920678,0.009048864,0.015155092,0.034685298,0.000683285,
2/14/2020,-0.013905582,0.001600811,0.007504666,-0.000623674,0.013846453,-0.000790424,0.000253823,0.005863393,-0.011287444,0.012953368,-0.003374029,0.02892677,0.010025838,
2/17/2020,-0.008995823,0.002317453,-0.000980104,-0.029017123,0.030507294,-0.021442698,-0.000761275,-0.004038347,-0.013922405,0.053511731,-0.024300953,-0.004203905,-0.002917405,
2/18/2020,-0.01447496,-0.009434464,0.00039245,-0.017994878,-0.014802023,-0.013381534,0.010665344,-0.010119157,-0.006400648,-0.026517296,0.016065426,-0.019261182,-0.005138235,
2/19/2020,0.024645242,0.011402355,-0.000784532,-0.004908377,0.01397624,0.025206982,0.014321639,0.041460339,0.022072802,0.049299852,0.008326729,-0.018563423,0.004196388,
2/20/2020,-0.001943679,-0.022627208,9.81E-05,0.014797764,0.002584424,-0.003260069,-0.009165252,0.007011184,0.023171748,0.008957997,0.055996266,-0.003015284,-0.006286198,
2/24/2020,0.021908472,-0.012647604,0.001766426,-0.011665606,-0.011170304,-0.032580693,0.004749985,0.014875713,-0.009149357,-0.065591612,-0.043537411,-0.012647803,-0.000862592,
2/25/2020,0.008099153,0.003930853,-0.000685749,0.016393443,-0.002780738,0.004493325,-0.007962134,-0.035539774,0.011336535,-0.00310265,0.021174889,-0.011417449,0.007050814,
2/26/2020,0.009451796,0.000301215,-0.004215261,0.009354819,0.002439917,-0.009185332,0.020315965,-0.007390718,-0.012384697,0.014199668,0.024649177,-0.018028152,-0.007358668,
2/27/2020,-0.009363296,0.009388785,-0.005611353,0.02428893,-0.014777468,-0.004054439,0.048672613,-0.013912696,-0.027734598,0.013041786,0.021466156,0.001721188,-0.007305329,
2/28/2020,-0.030954645,-0.024867175,-0.00990001,-0.021528842,-0.015352059,-0.042447827,-0.058134126,-0.016235884,-0.012521114,-0.006437002,-0.086595904,-0.062714844,-0.04353819,
3/2/2020,-0.013655221,-0.006201453,0,-0.007971939,-0.010752688,0.00179244,-0.005724211,0.010558107,0.038802508,-0.009336821,-0.004893151,-0.032080661,-0.000113631,
3/3/2020,0.044004914,0.007695321,-0.029497051,0.024429463,0.006702921,0.005390774,-0.012765973,-0.004243297,0.009085926,0.011925276,-0.006241112,0.013573291,-0.013115536,
3/4/2020,-0.01444465,0.026325235,-0.014321001,-0.027298437,-0.02951237,0.006685291,-0.034229209,-0.038997279,-0.012642132,-0.023949774,-0.004139286,-0.020554363,-0.050662532,
3/5/2020,-0.017779972,0.014340215,0.003449344,-0.030967762,0.02484707,-0.004986288,-0.025465954,0.018706197,0.008843014,-0.010710808,0.005255363,-0.011764745,0.00432916,
3/6/2020,0.003424717,0.00160047,-0.032395808,0.019307651,-0.017007462,-0.038996877,-0.013469827,-0.029592562,-0.001004361,0.015157504,-0.020246231,-0.049549532,-0.004874551,
3/9/2020,-0.055582686,-0.005486126,-0.078479947,-0.052253427,-0.026688755,-0.038659332,-0.039049748,-0.005691829,-0.015720639,-0.083187945,-0.019597392,-0.063981023,-0.02615167,
3/11/2020,-0.016778524,0.008408511,-0.021028037,0.016884885,-0.039523439,0.004117548,-0.020460306,-0.025437901,-0.020893304,-0.029187792,-0.005442581,-0.045207957,-0.006609638,
3/12/2020,-0.078498279,-0.020978836,-0.048687336,-0.073195546,-0.030124016,-0.078845942,-0.071076296,-0.109464312,-0.069992457,-0.079956454,-0.129147793,-0.177651492,-0.053604995,
3/13/2020,0.06980057,-0.024764708,-0.003763171,-0.070932336,0.001218039,0.101882019,0.022798212,0.060498841,-0.001529676,0.046175706,0.061753771,-0.031321985,-0.013662958,
3/16/2020,-0.044207739,-0.063581204,-0.085368908,-0.030696587,-0.067315514,-0.108888157,-0.062290058,-0.029450531,-0.048513943,-0.082616571,-0.115893698,-0.039467441,-0.046891046,
3/17/2020,-0.04485931,0.0286325,-0.000550694,-0.056435278,-0.035869565,-0.046667545,-0.039726512,-0.008487883,-0.006225835,-0.011349558,0.015031691,0.01039607,-0.024081743,
3/18/2020,-0.068553095,-0.065488581,-0.086501361,-0.088209985,-0.006989867,-0.075891329,0.000678237,-0.055729122,-0.027651735,-0.075617712,-0.061214686,-0.011269,-0.047857695,
3/19/2020,-0.035703083,-0.0105055,-0.035735844,-0.031146725,-0.041326026,-0.003050798,-0.040325292,-0.062508563,-0.051766314,-0.087202992,-0.033848511,0.005946466,-0.049048403,
3/20/2020,0.041896701,0.088527357,0.049882759,0.102776379,0.013027001,0.084291529,0.072740024,-0.048302826,0.0206186,0.025731977,0.020557889,0.082758636,0.005056688,
3/23/2020,-0.090710651,-0.140279415,-0.156687531,-0.095848046,-0.108721063,-0.132985551,-0.162606965,-0.094650228,-0.181359042,-0.074682799,-0.199948227,-0.106460459,-0.106450591,
3/24/2020,-0.025368612,0.017618222,0.020664097,0.01123597,-0.004197288,-0.010258418,0.001179257,0.044163833,-0.000280443,-0.063882831,-0.061447462,-0.020875718,0.020625919,
3/25/2020,-0.019697418,0.044791324,0.043779178,-0.005314039,0.005005253,0.093648313,0.017275262,0.036706643,-0.003927052,0.028295606,0.099974034,0.017160702,-0.009291521,
3/26/2020,0.033728,0.014938911,0.023043705,0.080135991,0.024377425,0.052975273,0.152064813,-0.028512182,0.058152615,0.15377145,0.09998432,0.021983577,0.055861693,
3/27/2020,-0.017355085,-0.007916093,-0.010533139,0.035071957,-0.014329518,0.011971729,-0.047906157,-0.005336179,-0.04071853,0.083052768,0.056747772,-0.008504237,-0.022539331,
3/30/2020,0.047333075,-0.00573517,-0.062397604,-0.046915739,-0.018431999,-0.11131699,-0.013019043,-0.013143777,-0.014010315,-0.083419721,-0.001888989,-0.044399612,-0.007156231,
3/31/2020,0.050252931,0.044860372,-0.025152881,0.011394713,0.104469715,0.047698461,0.011408243,0.017178568,0.057540834,0.110231773,0.003109142,0.083949365,-0.007265003,
4/1/2020,0.006101458,-0.037983828,-0.014513485,-0.024335259,-0.023706882,-0.030371671,-0.032076157,-0.015071323,-0.037381982,-0.057535581,-0.009837596,-0.00828055,-0.032499725,
4/3/2020,-0.023300313,-0.051334786,-0.042909047,-0.03926097,0.015452508,-0.053015441,-0.023306605,-0.009278841,-0.003593112,-0.016477596,0.002313729,-0.030451925,-0.048243002,
4/7/2020,0.039215686,0.067657323,0.043502968,0.007211538,0.015458922,0.037077773,0.052199848,0.058440108,-0.012898735,-0.024443817,0.044198503,0.047619095,0.023091379,
4/8/2020,-0.058490585,-0.009145275,0.03185873,0.016229088,0.003330147,0.002347056,0.039688098,-0.013247077,0.008852027,0.005067533,-0.010728218,0.002417795,0.050522952,
4/9/2020,0.060788285,0.026352606,0.003175702,0.058243351,0.062114777,0.092571159,0.050783893,0.015470135,0.019498607,0.032493014,-0.001380201,0.070429284,0.040582213,
4/13/2020,0.039042801,0.017864172,-0.059268295,-0.047048406,-0.049553599,-0.028125198,-0.004541012,0.078083078,-0.038524607,-0.030385274,-0.029616954,-0.025236552,0.007553716,
4/15/2020,0.02151517,0.022220886,0.010095276,0.034000946,0.029356506,-0.035584766,-0.018898625,0.036309543,0.042625747,-0.020705076,0.000406929,-0.021266787,0.120064463,
4/16/2020,0.006822865,0.014491925,0.053118662,0.009009009,-0.031257089,0.018448882,0.027565552,0.012526624,-0.010902153,0.032571411,-0.011457644,-0.038261648,-0.043780082,
4/17/2020,0.019151444,0.007544045,0.082073835,0.041517871,0.026848784,0.03373826,0.013251474,0.030358366,-0.00234226,0.08743776,0.001234517,-0.008840879,0.020118246,
4/20/2020,-0.015322312,-0.014690419,0.011369173,0.03343336,-0.021100945,0.028025691,0.040829307,0.013513514,0.016572297,-0.031043288,0.041715202,0.002477701,0.003456301,
4/21/2020,-0.016147974,-0.002571557,-0.064397038,-0.04811284,0.012183722,-0.033570644,-0.051179842,-0.006120219,-0.005841581,-0.06512602,-0.013282531,-0.023727153,-0.005622518,
4/22/2020,0.053416871,0.050405562,-0.001373134,0.003050096,0.015046296,-0.003323907,0.009043888,0.008093205,-0.018447664,0.037359516,-0.023857075,-0.049620269,0.058020491,
4/23/2020,-0.028611915,0.004771111,0.073392941,0.05734143,0.040592903,-0.000420679,0.046414854,0.002923424,0.001252992,0.007852761,0.014882527,0.050612681,0.031102599,
4/24/2020,-0.020414115,0.003238835,-0.06421133,-0.008627736,-0.037475293,-0.049986417,-0.033649435,-0.051335593,-0.025862119,-0.015314379,-0.03175027,-0.046145999,-0.029930937,
4/27/2020,0.025900602,0.013022859,-0.008042457,-0.005801944,-0.015027336,0.00705556,0.003165559,0.012106714,-0.01784185,-0.010914052,-0.016048336,0.00265816,0.101949482,
4/28/2020,-0.026697655,-0.014556919,0.067621203,-0.015839883,-0.007165987,0.078136355,0.000315576,0.005527844,-0.012062183,-0.009931051,-0.005436753,-0.001590684,-0.03677978,
4/29/2020,0.010733471,-0.031188349,0.013249234,0.06268525,0.013038431,0.070491868,-0.017665634,-0.012256647,0.053839419,-0.004179437,-0.020303831,-0.006903893,-0.011110607,
4/30/2020,0.01268433,-0.004978811,0.020889869,-0.029892388,0.021374368,0.043146863,0.001284502,0.021259169,0.045924012,0.032176833,0.048695617,0.002673797,0.00389801,
5/4/2020,-0.054179948,-0.046568434,-0.062168052,-0.045193099,-0.040279015,-0.100026109,-0.043296987,-0.019431787,-0.052582362,-0.033071244,-0.043808668,-0.03093335,-0.094833534,
5/5/2020,0.015090834,-0.034380977,-0.031479053,-0.033562771,0.007033998,-0.019978515,-0.03251754,-0.014805703,-0.022115807,-0.027754483,-0.022546663,-0.009906456,0.004491559,
5/6/2020,0.0185073,-0.005249668,0.019604513,-0.012911884,-0.024679875,0.025001479,-0.011088053,0.015120665,-0.023480247,0.002306858,0.001035062,-0.050027795,-0.009998002,
5/7/2020,0.004468275,-0.010151166,0.021420055,-0.025259319,-0.008116481,-0.016309211,-0.002452634,-0.007516057,0.025815016,0.013521236,-0.002732608,-0.012287835,0.017863462,
5/8/2020,0.004448398,-0.009973044,-0.0102377,-0.000925554,-0.022382642,-0.008333865,0.005971133,0.005048651,-0.018406742,-0.02583019,-0.001555282,0.005924171,-0.024679664,
5/11/2020,0.027162626,-0.005575297,0.024357649,0.013895322,0.052190992,-0.018494408,0.077514011,-0.022604804,-0.029299737,-0.009324045,7.42E-05,0.011778563,-0.004702971,
5/12/2020,0.007185973,-0.029466106,-0.035830619,-0.041571453,0.012400605,0.009436537,-0.03272847,-0.01359627,-0.018714102,-0.008823529,-0.008603499,-0.032013969,-0.042937841,
5/13/2020,0.044520566,0.026225145,0.040540541,0.066730218,-0.006471038,0.023087047,0.063316562,0.074412704,-0.014457127,0.029376836,0.049973854,0.021647569,0.000268327,
5/14/2020,-0.00273224,-0.02616262,-0.013474006,0.067470914,-0.031635279,-0.046912845,-0.02898545,-0.037737555,-0.026061193,-0.023637884,0.011257605,-0.003531435,-0.033370928,
5/15/2020,-0.0038356,0.020066951,-0.026822425,-0.060694853,-0.00144121,0.000857648,0.000324385,0.007192904,0.009133172,-0.010628893,-0.025153295,-0.00177202,0.009324554,
5/18/2020,-0.053080357,-0.033388053,-0.06307076,-0.066399262,-0.039211012,-0.074519523,-0.048329531,-0.007778318,-0.046046365,-0.027156091,-0.041919631,-0.040828366,-0.029419852,
5/19/2020,0.014231846,0.001898591,0.004872789,0.006205265,0.012268388,0.018385586,-0.002045011,-0.008756291,0.033788263,-0.026380387,-0.007091147,-0.022825491,0.026458896,
5/20/2020,0.028923182,-0.002593106,0.021012953,-0.005692585,0.046252814,0.056596438,0.057035563,0.010591133,-0.001771012,-0.00535596,-0.006685859,-0.01388887,0.008776301,
5/21/2020,0.007514646,0.049498348,0.002638522,-0.011927481,0.001418454,-0.018254426,-0.027463651,0.011624137,0.000967703,0.063667959,-0.023099337,-0.009603073,-0.001586794,
5/22/2020,0.032872911,0.027694832,-0.038421095,-0.005311473,0.005665708,-0.050804496,0.015282412,0.004750057,-0.000966767,-0.019952299,-0.017694939,-0.02133163,0.072340661,
5/26/2020,0.008558471,0.007386088,-0.00985215,0.000485467,0.010328624,-0.009233915,0.032395267,0.050877983,0.020967742,0.007292598,0.010122807,0.053500703,0.015127561,
5/27/2020,-0.005834029,-0.00638097,0.016215197,-0.011159646,-0.000696998,0.045434876,-0.006973097,-0.042759233,-0.00142184,0.01266972,0.013493234,-0.033228859,-0.013442115,
5/28/2020,0.020538843,0.014912486,0.023390797,0.009322835,0.016972768,0.03394035,0.008617977,0.012129665,0.03211525,-0.013404825,0.011834281,0.00389109,0.005409255,
5/29/2020,0.001306848,0.024032612,-0.017540794,-0.011181347,0.025834519,0.021678927,0.03227852,0.03329945,0.048436503,0.021739074,0.045552535,0.007751918,0.035072632,
6/1/2020,-0.013573511,0.006030553,0.05211907,0.04326452,0.027189617,0.047501311,0.011342678,0.033039437,0.031140333,0.050236408,0.049970489,0.088461558,0.008875523,
6/2/2020,0.011907912,0.009478842,0.04645179,0.008482578,0.045563029,0.043649709,0.040012163,-0.00696,0.036154828,0.062183474,0.049975504,0.09952882,0.016185501,
6/3/2020,-0.018043917,0.004241502,0.032432412,0.013551373,-0.008508002,0.01218603,0.001165823,-0.02991237,0.026819974,0.012450363,0.007276385,0.099625101,0.016549528,
6/4/2020,-0.005326232,-0.048236315,-0.039980982,-0.012448119,-0.039346983,-0.038869052,-0.033187755,-0.001419193,0.014792078,-0.001308216,0.016965985,0.049683375,-0.002258528,
6/5/2020,0.044712215,0.002938056,0.036192407,0.045284767,-0.005664501,0.001303592,0.045769291,0.008570156,0.016940282,-0.025936663,0.007754985,0.049651958,0.014949281,
6/8/2020,-0.018708401,-0.002624301,0.006858035,-0.004019624,-0.001752822,-0.003283101,0.017276131,-0.000427004,-0.018595072,-0.016137709,0.037700418,0.049955806,0.006226255,
6/9/2020,-0.019064998,0.004772861,-0.01631552,-0.01165922,-0.019315229,0.006417496,-0.015284444,-0.000598019,-0.022894769,-0.016129016,-0.034336622,-0.049684223,-0.001062084,
6/10/2020,0.022364201,-0.003714928,-0.000644162,-0.000453679,0.060205965,0.020992085,0.016958879,-0.000555695,-0.011042218,0.004723568,-0.014778023,-0.049623381,0.003559354,
6/11/2020,-0.013020833,-0.015495569,0.003383881,-0.024965955,-0.037154329,-0.012076547,-0.032786817,-0.011119665,-0.027505462,-0.011338512,-0.028427264,-0.049883436,-0.006909258,
6/12/2020,0.022163572,0.016608717,-0.000481753,0.005121,-0.01315501,0.002657417,0.017533605,0.030101245,0.031923813,-0.000279737,0.006202353,-0.021589839,-0.00074216,
6/15/2020,-0.011357754,-0.011695743,-0.024742969,-0.001389476,-0.015107794,-0.022625783,-0.013785233,0.00508013,-0.002578052,-0.004196978,-0.003685092,0.007522568,-0.002088749,
6/16/2020,-0.004699707,0.002162897,0.050741331,-0.015769986,0.016241851,0.040105043,-0.020675615,-0.01633312,-0.025030559,-0.000842899,0.007935473,-0.011946212,0.013954138,
6/17/2020,-0.018100798,-0.016217505,0.042333021,0.001413775,0.020865691,-0.014956913,0.024383029,0.034864894,-0.016882986,0.014904352,0.019215323,-0.012090649,-0.004082711,
6/18/2020,0.001068727,0.00150434,0.052346553,0.042823558,-0.001739482,0.034157037,0.006386102,0.02236448,0.000993489,-0.00332497,-0.006415244,0.049974439,0.038553639,
6/19/2020,0.018414715,0.015458725,0.02930246,0.07987363,0.000653426,-0.011234126,0.002595887,0.106566593,0.039132337,0.021684703,0.055738551,0.049538672,0.017430279,
6/22/2020,0.001572343,0.018274283,0.023468997,0.00668613,-0.019590771,-0.008555366,0.044303779,0.014908085,0.071087425,-0.019047619,0.005678966,-0.014345238,-0.011551874,
6/23/2020,0.011250622,0.019217383,-0.014789721,-0.001660415,0.023312611,0.010278087,0.041597813,-0.002501787,0.030318456,0.020527029,0.028420756,0.049765287,0.049261279,
6/24/2020,-0.023544647,0.037620984,0.012808221,-0.010810836,-0.014536736,-0.021952003,-0.04707754,-0.034933716,-0.035608294,0.007610814,-0.034694985,0.003577763,-0.028538964,
6/25/2020,-0.012983556,-0.033338103,-0.016861605,-0.01513237,0.016292368,-0.011097178,0.005828493,0.03734921,0.02910258,0.003776622,-0.00243782,-0.017825312,-0.021373316,
6/26/2020,0.009395973,-0.001332149,-0.019640404,0.029022633,0.023613505,-0.004753107,0.002483427,-0.017966499,-0.000498349,0.069604927,-0.019863446,0.049909257,-0.003757903,
6/29/2020,-0.002393601,0.003082823,-0.03132056,-0.003732929,-0.005079352,-0.015938029,-0.028626464,-0.007070193,-0.024305123,0.013065357,-0.016174356,-0.020743249,-0.002662643,
6/30/2020,0.03225808,-0.002659653,-0.015875275,-0.01665279,0.015315851,0.007753496,0.003683815,0.012295834,0.002554931,0.01016859,0.025797616,-0.039276297,0.003559669,
7/1/2020,-0.007231452,0.000325965,0.023235181,0.0042337,0.000628574,0.045878095,0.010728367,0.002538071,0.000891963,-0.027989183,0.010579041,0.015158489,-0.004345041,
7/2/2020,0.007804371,-0.000918275,0.037315573,0.002529537,0.005234506,0.029588822,0.007821195,0.009077793,0.013112652,-0.00252589,0.054660533,0.027601838,0.01055395,
7/3/2020,0.010841539,0.00545529,-0.014640267,0.05172415,-0.015205204,-0.002249332,0.000554358,0.012759346,0.008042252,-0.024816379,0.004457652,-0.003082396,4.40E-05,
7/6/2020,-0.009703826,0.007784596,0.050091924,0.013994402,0.042724223,-0.008752387,0.013850416,0.029160968,0,-0.029083386,-0.000828417,0.007950544,0.022296686,
7/7/2020,-0.003352212,0.021593484,0.002021291,0.028391094,-0.021906669,0.009659148,-0.002459,0.004332675,0.00024933,-0.022465884,-0.009771408,-0.009640653,-0.010732717,
7/8/2020,0.011901698,-0.034082772,-0.024206563,0.095475558,-0.006014153,-0.000370982,-0.012051476,-0.026911307,-0.026420752,-0.024350188,0.014712024,0.005752226,-0.009237155,
7/9/2020,0.032983875,0.018383988,0.01157666,-0.047952438,0.030669753,0.029585602,0.013307423,0.001794396,-0.004608342,-0.004486837,-0.002239599,-0.01363839,-0.02480316,
7/10/2020,-0.023762391,-0.008006988,-0.017302469,-0.024999955,-0.024898761,-0.028761221,-0.017783858,0.007937657,0.000257217,0.001971865,-0.010455475,-0.024977658,-0.002976369,
7/13/2020,0.006338742,0.001262122,-0.000970487,-0.013197586,0.020552198,-0.021447482,-0.011142061,-0.008014496,0.004371335,-0.018554979,-0.021609332,-0.022415412,0.00701072,
7/14/2020,-0.040060454,-0.010113446,-0.030391291,0.017577285,-0.01078116,-0.029232517,-0.017464823,-0.00333708,-0.000128055,-0.00744774,-0.013117755,-0.025269041,0.002515315,
7/15/2020,-0.009711318,-0.009920635,0.045942429,-0.023657484,-0.003701394,-0.000948845,0.002006916,0.004546541,-0.000255987,-0.001154384,0.009211762,0.000480033,0.023297491,
7/16/2020,0.020408196,0.012891411,-0.016694051,0.011538462,-0.004127967,-0.001173236,-0.011158781,-0.022068593,0.000256052,0.006356491,-0.004471973,-0.01295584,0.023905472,
7/17/2020,0.004935049,0.014587806,-0.003757238,-0.001520889,0.007046619,0.010096166,0.013310203,0.009902003,0.000384136,0.033304641,0.012183896,0.049586763,0.005986487,
7/20/2020,0.011630913,0.019616946,0.037155992,-0.013709086,0.03087055,0.000110792,0.007995396,0.017158709,0.001407698,0.016115639,0.024499925,0.019453508,-0.017725152,
7/21/2020,0.047266225,-0.015614282,-0.003367003,-0.008494256,-0.029347139,0.042966681,0.006515546,0.06178407,0.009840271,0.003554793,0.008367018,-0.017264893,0.008005539,
7/22/2020,-0.019760932,-0.016528926,0.022027011,-0.011682184,0.011929222,-0.001380286,0.021953331,-0.014867996,-0.000126597,-0.014986376,-0.029953524,0.002773883,-0.003090904,
7/23/2020,-0.014683908,0.01890022,0.056459094,-0.005910165,0.024999975,-0.002790994,-0.029193076,0.025576847,0.001139127,0.008575397,0.012618252,0.00092214,-0.009689088,
7/24/2020,0.015155342,-0.009115638,-0.009261608,0.003567158,-0.006742007,-0.018392152,-0.016453866,-0.020901824,0.021491783,-0.019747702,-0.018272227,-0.016582248,-0.012958233,
7/27/2020,0.030853431,0.03860867,-0.023875649,-0.006319079,-0.014573743,0.005132217,-0.003172789,-0.013201194,0.051361386,-0.013710112,-0.018429213,0.007962515,0.03387821,
7/28/2020,0.046101875,-0.010404072,-0.026918581,0.026232138,0.020867074,0.025178968,0.024594907,0.006638344,0.000353135,0.012482252,0.000497388,-0.011617101,0.040906766,
7/29/2020,-0.0050761,-0.011081749,-0.018353569,0.007358613,-0.011510196,-0.010567332,0.026263732,-0.010511213,-0.032242838,-0.005884018,0.015783199,0.034790829,0.034509598,
7/30/2020,0.026205908,0.001838894,-0.019645035,-0.018454452,-0.016061032,-0.035503128,0.009356065,0.005954227,-0.01325392,-0.007891736,-0.01046062,0.027714633,0.000751811,
7/31/2020,-0.005197713,-0.015974977,0.009950266,0.006267101,-0.003876747,-0.015850702,0.009541985,0.00894572,-0.000862615,0.020170472,0.014218596,-0.003094593,0.019612534,
8/3/2020,0.004770503,-0.005829204,0.012999453,0.00038928,-0.015977096,-0.023653808,-0.005130959,0.0029999,0.015910242,-0.000556982,0.011032534,0.011086475,0.006437545,
8/4/2020,0.001808769,0.00495453,0.025935448,0.019455253,0.022481304,0.023738318,0.021715527,-0.000565018,-0.01226179,-0.002507645,0.012961959,0.0157895,0.001618354,
8/5/2020,-0.002933916,0.001371159,-0.026596461,0.003816794,0.017915284,-0.002470397,-0.012486668,0.037939782,0.001843658,-0.010055883,0.00499942,0.006908423,0.00046172,
8/6/2020,0.009280231,0.006554798,0.00365212,0.000760503,0.040199951,0.003968058,-0.012644638,-0.004324844,0.015458271,-0.000282184,-0.009534511,0.049742737,-0.000384527,
8/7/2020,-0.015250029,0.045555815,0.004582243,0.000759809,0.002307272,-0.003391758,-0.002452299,0.029890573,-0.015947822,-0.000846706,0.007414065,0.121323515,-0.027388903,
8/10/2020,0.010475987,-0.013231847,0.045076435,0.013667449,-0.003261102,0.011953648,-0.010379728,-0.022306197,-0.009453668,-0.010452012,0.01727104,0.093989027,-0.007514634,
8/11/2020,0.004056768,0.004039652,-0.040949967,0.004119873,0.006928477,0.015453487,0.001104125,-0.025818837,0.025037199,0.005138505,-0.012252042,0.039294102,-0.000996254,
8/12/2020,-0.004264857,0.00430273,-0.011778862,-0.023871666,-0.046827216,-0.006870151,-0.012406947,-0.012497082,-0.015840357,0.014768479,-0.007678677,-0.022749138,-0.015916033,
8/13/2020,0.000901699,0.002948977,-0.006907728,0.038211691,0.00661718,-0.005153773,0.002512546,0.002590781,-0.006266171,-0.007836518,0.011488124,-0.01147541,-0.014633197,
8/14/2020,-0.005630631,0,0.017457703,-0.031652579,-0.002191247,-0.007285938,0.070175386,-0.000496952,-0.004080104,-0.01043727,0.031542385,-0.047097885,-0.003825663,
8/17/2020,-0.006341988,0.018945328,-0.01179623,0.015583451,0.007985626,0.004939498,0.003903201,-0.005634923,0.012911266,0.004561021,0.026641537,0.010790137,-0.010323752,
8/18/2020,0.040346435,0.020362621,0.0112588,0.007110755,0.025945744,0.01119097,0.000259217,0.004900229,0.033950178,0.001135056,-0.005445614,0.02376031,0.041850872,
8/19/2020,-0.005477651,0.006189625,-0.006975201,0.022668175,0.005984509,0.003981985,-0.027209122,0.01303649,0.018255127,0.026360597,0.013465178,0.02152716,0.024470383,
8/20/2020,-0.007049971,-0.005727277,-0.008915272,0.007267442,0.012857441,-0.023414168,0.0218434,0.003929402,0.04540163,0.02651203,-0.008269475,-0.003951308,0.016379946,
8/21/2020,0.002662484,0.04432235,0.011721379,0.024170207,0.000378955,0.010587359,0.015119885,-0.006458073,0.018708227,0.02044653,-0.002779476,0.078677646,0.051617447,
8/24/2020,-0.007745076,0.002119522,0.020881046,0.078901002,-0.012310606,0.014301115,0.014381115,-0.015265421,0.045037181,0.058792563,-0.011093162,0.019613928,0.006766395,
8/25/2020,-0.00825152,0.019595826,0.019266346,-0.031015346,0.014189884,-0.000136623,0.00911394,-0.002433674,-0.010355674,0.01095616,-0.019673069,0.036669616,-0.020489771,
8/26/2020,-0.006746121,-0.014595597,0.017348476,-0.005053909,-0.013991348,-0.007433306,-0.005519348,0.000501287,0.005601997,-0.006896522,0.057041041,0.071904954,-0.012795787,
8/27/2020,0.00226398,0.005630504,-0.026342597,0.067389181,0.020517761,0.026486771,-0.013622588,0.013895335,-0.023544276,0.007936462,-0.006364616,0.034893139,0.013487676,
8/28/2020,0.004969464,-0.012307705,0.012155338,0.002538032,0.015595617,0.010273067,0.001534542,-0.011662352,-0.029494106,0.023375985,-0.014288829,0.029273344,-0.013048708,
8/31/2020,-0.053495141,-0.03013125,-0.041322313,-0.056012697,0.005735385,-0.026895008,-0.032686461,-0.00693335,-0.032497769,-0.039192085,-0.008219966,-0.029964419,0.004244309,
9/1/2020,0.011636176,0.042230569,0.028690715,0.022460652,-0.019131648,0.010149501,-0.012407555,0.005672713,0,0.00525527,-0.011704039,-0.035340314,0.009013763,
9/2/2020,0.019953052,-0.017859898,0.00746368,0.054754138,-0.014253632,-0.012964564,0.002405758,-0.007175995,0.019832613,-0.011451347,-0.000963323,0.074626866,0.003706724,
9/3/2020,-0.012197901,0.017515908,0.000519838,-0.000621735,0.015220701,-0.01009739,0.002133301,0.004538425,0.001910985,0.006799249,-0.012307839,0.095454515,-0.002769776,
9/4/2020,-0.028425004,-0.010945412,-0.025071432,0.009642321,-0.012556131,-0.021589523,-0.01436933,-0.003011947,0.002019508,-0.005502706,-0.005799917,-0.041954777,0.023330741,
9/7/2020,0.009832149,0.013162267,-0.010926066,-0.015403573,-0.008920121,0.012092459,0.000269995,-0.009835201,-0.000895743,-0.025653954,-0.019003075,-0.01251206,0.028914668,
9/8/2020,-0.01923535,-0.01097321,-0.000808266,0.001251545,-0.019532769,-0.007704722,0,-0.005254593,-0.022077791,0.000774441,-0.008243052,-0.039230035,-0.037528121,
9/9/2020,0.0142857,0.00953915,0.002696508,-0.011250019,-0.022265613,-0.009311905,-0.006747638,-0.020822716,-0.020284153,-0.007480073,-0.014307751,0.033984339,-0.003106158,
9/10/2020,0.016710432,0.039160202,0.023396481,0.024020247,0,0.009484567,-0.011956505,0.006578083,0.033688135,0.011954278,0.013250617,0.02575423,0.002895859,
9/11/2020,-0.002347969,-0.010016823,0.028642819,-0.005864179,0.015980823,-0.005232174,-0.00770082,-0.007157496,0.070612156,-0.002054411,0.007133091,-0.023194672,-0.032018662,
9/14/2020,-0.006354393,-0.002333063,0.087622906,0.122011757,0.053480105,-0.017051734,0.01718407,0.073587816,0.099460922,0.099073596,0.048633595,0.041126041,0.034097363,
9/15/2020,0.030080486,-0.006720118,0.020082179,0.01604875,0.030421777,0.01193901,0.026702964,0.022318114,0.000384565,0.059002532,0.009793451,-0.026804595,0.024136366,
9/16/2020,0.005288614,-0.002701332,0.037416533,-0.011165594,0.014852405,0.005344719,0.00902342,0.004569222,0.006246396,-0.024762286,-0.008527912,-0.011838594,0.008664046,
9/17/2020,0.007776747,-0.002062534,-0.034846259,0.014596496,-0.003747949,-0.013460424,-0.007890584,0.001863655,-0.004297584,-0.022217226,-0.007645658,0.009290924,0.001413927,
9/18/2020,-0.001361793,0.010184553,-0.032999899,-0.003257279,0.002149789,-0.011666223,0.002120858,-0.018632983,-0.01179736,-0.050544837,-0.003285705,0.096414776,0.003318003,
9/21/2020,-0.046590909,-0.027534005,-0.004637366,-0.074891065,-0.037361501,-0.009193721,-0.016666634,-0.016769991,-0.026594218,-0.069108639,-0.036830765,0.015908046,0.023888316,
9/22/2020,-0.014064348,-0.017768902,-0.013140605,-0.01148079,-0.012441991,-0.019494803,-0.037933833,-0.017186766,-0.009372843,-0.004459633,-0.04195679,-0.034145242,-0.0335017,
9/23/2020,0.01184718,0.004670993,0.006173631,-0.011018409,0.023128973,-0.00462728,0.003914972,-0.00209442,0.044690513,-0.001581044,0.018786572,0.032425115,0.003092986,
9/24/2020,-0.052568698,-0.014487207,-0.028633286,-0.021077988,-0.029038759,-0.018145282,-0.024512501,-0.013792692,-0.037961291,-0.020585875,-0.013784794,0.049509296,-0.018359046,
9/25/2020,0.036569987,0.00377929,0.013623978,0.013841895,-0.012303616,0.009255597,0.014848605,0.013512601,0.001502253,-0.042037202,0.015816607,0.017248519,-0.005487941,
9/28/2020,0.029926978,0.010386373,0.023093796,0.012439339,-0.002299755,0.017826847,0.015194131,0.023031831,0.041800049,0.010126599,0.012914921,-0.015117454,0.032056652,
9/29/2020,0.023623908,0.007375604,0.008240803,-0.016781558,0.072032274,0.018823055,-0.005820332,-0.008112647,0.052601194,-0.00278474,-0.010069128,0.024683663,-0.014739041,
9/30/2020,0.001615537,0.01349528,-0.015043843,-0.010667479,0.047661777,0.015731757,0.040981269,-0.010084073,0.009483882,0.013404043,-0.013060458,0.010931162,0.000142864,
10/1/2020,0.019354825,0.027209991,0.001683734,0.006161429,-0.009235547,0.029079609,0.009105501,0.015761357,-0.007407363,-0.029484657,0.000304915,-0.015018022,0.010352336,
10/5/2020,0.000678161,-0.006101571,0.006243188,0.065523556,-0.029691028,-0.00309946,-0.00663482,0.011662078,-0.005824558,0.017319635,0.004328461,0.017483241,-0.031021463,
10/6/2020,0.017845028,0.030571992,0.008590875,0.030459788,-0.000711552,0.0836368,0.016564286,0.009557977,-0.015379026,0.003628296,0.004006298,-0.023976024,-0.011048331,
10/7/2020,0.042166,0.007177033,0.016798784,-0.037367523,-0.021007633,0.007418308,-0.007358706,0.013209675,-0.006693893,0.004727424,-0.001874229,0.001023541,-0.007890238,
10/8/2020,0.014267422,-0.007767267,0.023967395,-0.000869114,-0.005637455,0.000256575,-0.005824761,0.002335975,-0.00917264,0.022142265,-0.014476967,-0.042331313,-0.009328117,
10/9/2020,0.005038892,-0.018217416,0.05374395,-0.010437826,0.002560396,0.004309362,-0.004527329,0.036249716,-0.003967458,-0.003249341,-0.00251996,-0.000427038,0.023558559,
10/12/2020,-0.003969134,0.013288793,0.022212611,0.003516004,-0.014958066,0.003958828,-0.011503446,0.005683357,-0.003983377,0.01466991,0.000369693,-0.054902824,-0.015979512,
10/13/2020,0.014052039,-0.006352814,-0.016666654,-0.001167865,0.020740763,-0.01119365,0.015967507,0.03239648,0.011045609,0.007496621,-0.007884231,-0.006103033,0.027524358,
10/14/2020,0.020062073,0.003245197,0.009440021,0.002338462,0.011248208,0.018755763,0.003729339,0.013377423,-0.000188428,0.01488176,0.005463494,0.068910591,0.020806112,
10/15/2020,-0.013179237,0.009220968,-0.049734312,0.00320795,0.008252557,-0.016491161,-0.027600834,-0.004563911,-0.008289306,0.009688432,-0.009385583,-0.033616995,0.001455897,
10/16/2020,0.019108255,-0.013992203,0.047528516,0.009302361,0.000177893,0.00744659,-0.001364629,0.018890877,0.012822948,0.02100624,0.005983903,0.00792597,-0.000992819,
10/19/2020,-0.001612879,0.004317944,-0.004804099,-0.006624476,0.000177969,0.035581409,0.013118389,0.024151302,0.058707655,-0.009144034,-0.003345947,0.005242517,-0.004755955,
10/20/2020,0.015549236,0.023380465,0.008796409,0.001159739,0.027748088,-0.007974379,0.012948443,0.047163542,0.019222208,-0.008459416,0.000248694,0.048891785,0.007702954,
10/21/2020,0.007556211,-0.001982512,-0.003615509,0.044309351,-0.016787837,0.016598,0.008522003,0.032956196,-0.007126674,-0.004912084,0.025980438,-0.027346202,0.008918127,
10/22/2020,0.000986777,-0.006810834,-0.030629682,0.010260626,0.008977358,-0.003026212,0.042513797,-0.018870325,0.020833269,-0.013250211,0.008117783,-0.020873243,0.024343242,
10/23/2020,-0.024447997,0.009690985,0.009137937,0.032939886,0.064898834,0.008396319,-0.03647415,-0.009223581,-0.012605001,0.059768333,0.059131077,0.000435027,-0.027839622,
10/26/2020,-0.009498751,-0.018771394,-0.025856373,0.017804976,-0.003440427,0.00662725,-0.029442644,0.001004947,0.00347373,-0.004968944,0.086014171,-0.013046315,0.002536087,
10/27/2020,0.04407265,0.056406114,0.013887292,-0.046475164,-0.01084987,-0.015434018,0.012188515,-0.003302597,0.008567741,0.013732834,-0.01253853,-0.003525019,0.037699406,
10/28/2020,-0.015829599,-0.017403767,-0.006959006,-0.020536692,-0.008143634,-0.035491196,-0.009365801,0.003234067,-0.019735713,0.002709375,-0.008094771,0.019013943,-0.011884238,
10/29/2020,0.008737081,0.030515571,0.030589544,-0.02096729,-0.014075006,-0.017573252,-0.004322004,-0.000158563,-0.003851562,0.040776236,-0.029389853,-0.00564115,0.009594299,
10/30/2020,0.022440993,-0.006268373,-0.01295197,-0.014277555,0.017335062,-0.005557566,0.001899028,-0.021458761,0.000703031,-0.019117314,0.011925083,0.004582165,-0.017988054,
11/2/2020,0.00308043,-0.017476782,0.01104426,0.038238648,-0.027063067,0.060955004,-0.002978542,-0.022172436,-0.009922768,0.022858517,-0.010644062,-0.024326633,0.002799509,
11/3/2020,0.005758157,-0.008376185,0.001406066,-0.004185268,0.020432629,0.044173804,0.010592053,0.016902796,0.019423525,0.015525773,0.018333462,0.043187875,0.012028228,
11/4/2020,0.009160282,0.006868888,-0.017604545,0.012048244,0.035840465,-0.020061475,0.01101856,0.016133015,0.000348029,-0.034514765,0.015685693,0.021766926,-0.020228819,
11/5/2020,-0.03271556,0.0317362,0.020558501,0.008859307,0.004710891,0.005986017,0.009569313,-0.003929102,0.010610498,0.019913672,-0.017937721,0.001670882,0.001042753,
11/6/2020,-0.03030303,-0.013067953,0.016804952,0.00960483,-0.000970049,0.017970201,0.012374967,0.00606447,-0.019707422,0.004234269,0.002377749,0.001042535,0.003437466,
11/9/2020,0.005241948,0.007310791,0.009323008,0.006795325,-0.010681399,0.006383197,-0.015084494,0.017630454,0.041611821,-0.009369876,-0.001347782,0.000624844,-0.005605714,
11/10/2020,0.002406702,-0.011437152,0.009971659,0,-0.027482395,0.055759488,-0.006865609,-0.020968207,-0.001601369,0.005202204,0.00129563,-0.000208173,0.00215748,
11/11/2020,0.039215761,-0.0082055,-0.008210377,-0.001079897,-0.003868777,0.022974318,0.011964903,-0.006211001,-0.01553269,-0.000470506,0.002480039,0.003955912,-0.012812911,
11/12/2020,0.012129356,-0.004537701,0.005134679,-0.002432416,0.00827417,0.00335587,0.005780299,-0.002747823,-0.007888828,0.012473566,-0.014682182,-0.003940324,-0.020682395,
11/13/2020,-0.0195929,0.003752603,-0.012718945,0.004876694,-0.003851931,-0.010870073,0.009143156,0.012831249,0.045808124,0.003254286,0.003711614,0.094316029,0.005423496,
11/14/2020,0.005044578,0.002133144,0.014149973,0.053114081,0.007397486,0.001950797,0.001035528,0.011548528,0.003305785,-0.00231696,0.014138887,0.013127901,0.002107635,
11/17/2020,0.034942038,0.001396047,0.009579291,0.034818243,-0.017690314,0.016333153,0.065166747,0.008305429,0.015074175,0.003947937,-0.004665169,0.005258193,0.026771745,
11/18/2020,-0.022570371,0.003702648,-0.010519752,0.001484353,0.006456081,0.006768796,-0.018936606,-0.005831298,-0.00519356,0.030765715,-0.001239051,0.024098682,0.040863781,
11/19/2020,-0.012595373,-0.015507252,-0.040337723,-0.003211432,0.008102612,-0.017040808,-0.015095288,-0.007154305,0.005873196,0.015933586,0.010410446,-0.057095927,0.029086041,
11/20/2020,-0.006184793,0.00224365,0.007928737,-0.01263942,0.01741454,0.00438783,-0.007537688,0.016637097,0.005920079,0.016567263,-0.014520581,0.01412263,0.055036967,
11/23/2020,0.004083966,0.009092775,0.012499974,0.004769061,0.0133312,-0.035977385,0.020759525,0.010788248,0.00386966,-0.007605389,0.008017361,0.003433781,0.040522243,
11/24/2020,-0.011621151,0.009902757,0.021711393,-0.004246769,0.002923482,-0.014705925,0.005208273,0.007089639,0.004336673,0.020582425,0.00381555,-0.020532296,0.016386667,
11/25/2020,0.004115298,-0.024276397,-0.0203125,-0.01304569,0,-0.011881613,-0.010609395,-0.011903543,-0.011994243,-0.010298258,-0.00701321,-0.014945676,-0.051156129,
11/26/2020,0.017759514,0.000464188,-0.001488596,0.002287732,-0.009554695,0.021470693,0.011471337,-0.016243932,0.017157716,-0.014957715,0.01827685,0.02581276,-0.026115191,
11/27/2020,0.001150481,0.027838351,0.026408316,0.015724099,-0.001635056,0.00797449,0.026873752,0.069182544,0.031031189,0.046214789,0.01487801,-0.003649565,0.025432223,
12/1/2020,0.003639197,0.00665824,0.014939271,0.043445678,0.052243737,0.022470892,0.007683103,0.016823147,0.040824124,0,0.002138969,0.021014003,0.057512524,
12/2/2020,0.001908397,0.038474495,-0.020443627,-0.001674998,0.024280118,-0.013264203,0.014772412,0.016472069,0.006228238,-0.034286891,0.006663505,0.02983393,-0.00202928,
12/3/2020,-0.00533331,0.041259063,0.023479078,0.090843703,-0.013675734,-0.009840378,0.008687514,-0.003717672,-0.004273765,-0.003049431,0.012514906,-0.011551244,-0.061350748,
12/4/2020,-0.032746085,0.011342,-0.012030983,-0.000878914,0.025419813,-0.00357153,-0.027467454,0.036047386,-0.006734328,-0.012672096,0.022115494,-0.01576702,0.029307074,
12/7/2020,0.002177799,0.013859579,0.012693486,0.004618376,-0.004807619,0.025780377,0.027525132,-0.01595355,0.018551651,0.009294119,0.018738757,0.015831181,0.020956089,
12/8/2020,0.01580403,-0.013609491,-0.017120135,-0.032180346,-0.002113563,0.002582668,0.000232952,-0.027638376,-0.027210849,-0.012058759,0.006719945,0.021706887,-0.016520851,
12/9/2020,-0.016530532,0.034195805,-0.003214075,0.015607315,0.02223905,-0.00132051,-0.012109878,-0.015152931,-0.007293836,-0.024189955,0.007552134,0.008171418,0.034165723,
12/10/2020,-0.01799487,0.001486738,-0.02631584,-0.019153688,-0.014059494,-0.007629884,-0.005893446,-0.030551792,-0.005074952,-0.003638858,0.001257361,-0.011707493,-0.000868634,
12/11/2020,-0.010068465,-0.002019001,0.045187533,0.00068124,-0.006154363,0.002970514,-0.011145393,-0.01498643,0.01499806,0.008217316,0.003670658,-0.018771619,-0.01538814,
12/14/2020,0.002644401,0.010789564,-0.003270658,0.020875837,-0.019483407,0.002940024,0.001438864,-0.0062603,0.015151571,0.002037568,-0.00125119,0.001485861,0.025576848,
12/15/2020,0.004666298,-0.008123522,-0.004409339,-0.021338089,0.045594539,0.020715349,0.005507634,0.000387277,-0.00162559,0.011522833,-0.020091521,-0.016876922,-0.025340809,
12/16/2020,-0.001413595,0.021761064,-0.01658259,0.032023635,0.068208587,0.031612229,0.007859058,0.001651779,0.001406176,0.014071896,0.027239601,-0.003018253,0.014722337,
12/17/2020,-0.002022245,-0.002865458,0.024088815,0.012544041,0.031719764,0.028849606,0.012050982,-0.004534822,0.02401892,0.013876625,0.004978052,-0.001135242,-0.002002177,
12/18/2020,0.017426557,0.010271626,0.002659068,0.014779369,0.004010159,-0.006093239,-0.036189588,-0.02575385,0.010248321,0.001520774,-0.008144455,-0.00644066,0.012357166,
12/21/2020,-0.062338215,-0.018008879,-0.039167711,-0.04540583,-0.044468066,-0.026054633,0.009447734,0.016604676,-0.013430524,-0.018004312,-0.042112822,-0.048045781,-0.029295192,
12/22/2020,0.009345846,0.018065155,-0.017091269,-0.006730985,0.005712659,-0.00461742,-0.002639803,-0.01797989,-0.022230233,-0.027391261,0.001403613,0.026036452,-0.025001479,
12/23/2020,-0.00168354,0.016052753,0.036181012,0.04879145,-0.022720925,-0.000249559,0.016121226,0.030018376,0.037695253,-0.007494862,0.037495007,0.035330933,0.013079189,
12/24/2020,0.040050591,0.002156989,0.015843184,0.038121931,0.010348721,0.021680719,0.017286333,-0.011393902,-0.016271715,0.008238,0.019686393,0.024509803,0.002606097,
12/28/2020,0.002026753,0.013461683,-0.001846899,0.000414963,0.001683755,0.008675661,0.022113594,-0.003867814,-0.002466646,0.022242369,-0.006056901,0.018586631,-0.0172986,
12/29/2020,-0.011326873,0.004806493,0.03001646,-0.028411472,0.034178404,0.017161663,-0.012297868,0.002597309,0.003709073,0.016651865,-0.00609381,0.019512173,0.017268652,
12/30/2020,0.032733225,0.013942396,-0.008682647,-0.001707551,-0.002167108,-0.000357253,0.057182354,0.016381028,-0.000579615,-0.009827473,-0.010442137,0.059365587,-0.01975496,
12/31/2020,-0.014064928,0.011007935,0.005537099,-0.003421009,0.033120623,0.016123529,-0.010905125,-0.013001725,0.02022758,-0.008822232,0.003775618,-0.002341859,-0.006128191,
1/1/2021,0.00803697,0.003997124,-0.005606704,0.060931117,-0.006569439,0.003947432,-0.005071638,0.003364958,0.008172257,0.030262586,-0.001350267,0.024312541,0.035155486,
1/4/2021,0.008172166,-0.007872349,-0.008054772,-0.027098067,-0.01150635,0.00379562,0.019946808,0.020330158,-0.001550681,0.019222449,0.023516441,-0.005401946,0.021040778,
1/5/2021,0.005140384,0.014580436,-0.01613888,0.005612101,0.009767176,0.028446809,-0.001303794,0.067903342,0.001764914,0.02394579,0.080062249,-0.007735272,0.014860451,
1/6/2021,0.027144017,0.004116184,-0.004023484,0.010334849,0.017357858,-0.004902238,-0.00435161,0.043495848,0.001761804,-0.004346039,0.027475604,-0.021562447,0.004890423,
1/7/2021,0.007276882,-0.004669684,0.024549358,0.004296248,0.029044006,0.008526441,-0.005681831,0.050554498,0.018009128,-0.00207857,0.086429748,-0.005594251,0.019381307,
1/8/2021,0.026425902,0.018784117,0.018097285,0.006926042,0.012909774,-0.001446671,0.035164835,-0.019588212,0.004491742,-0.016871498,-0.022813559,0.016195023,0.004355311,
1/11/2021,0.001481733,0.001617077,0.005362487,0.008294571,-0.000749688,0.035258683,-0.016135894,-0.011565976,0.031989544,0.022033885,-0.016218165,-0.016943426,0.000778354,
1/12/2021,-0.008322545,-0.045186536,-0.016989344,0.005818607,0.00862819,-0.001326658,-0.022011182,-0.013475576,-0.011532516,-0.018449407,-0.013554789,0.007337863,-0.015082509,
1/13/2021,-0.01193589,-0.006193636,-0.003215446,-0.014961102,-0.006446753,-0.027897634,-0.008384859,0.020056937,0.013420489,-0.013516355,0.007675208,-0.010672519,-0.011478032,
1/14/2021,0.008116247,-0.014720586,0.007963734,0.004657793,-0.002495633,0.004923489,-0.002670186,-0.015712159,-0.010514359,-0.031042603,-0.007166257,-0.007362993,-0.00781693,
1/15/2021,-0.011046552,-0.027403432,-0.000900114,-0.020560395,-0.03177386,-0.019112926,-0.01160199,-0.003197156,0.010626085,0.027618206,-0.019261683,-0.000862515,-0.014319411,
1/18/2021,-0.030480947,-0.00104209,0.002802791,-0.016670109,-0.018863018,-0.025163802,-0.027539531,-0.019540024,-0.009249952,-0.019135656,0.004499937,-0.008287272,-0.025670945,
1/19/2021,0.023042471,0.02196511,0.036933581,0.062369232,0.040953351,0.035242529,0.014391858,0.00417614,0.033718397,0.007672073,0.007452396,0.025765994,0.018892245,
1/20/2021,0.000572605,0.019734958,-0.01155179,-0.021867624,0.027071505,0.01174277,0.004576659,-0.01270736,0.017803785,-0.000652639,0.011178948,0.068228125,-0.004701595,
1/21/2021,-0.036436485,0.007081323,-0.009446896,-0.020140987,0.072176344,-0.009355841,0.008428274,0.016170459,0.015449407,0.040052229,0.052852252,-0.042262529,0.038469428,
1/22/2021,0.020392038,-0.044066557,-0.034411563,0.052004086,-0.012751264,-0.027619245,-0.002258866,-0.032747556,0.051741513,0.074298872,-0.001639453,0.002654341,-0.018735402,
1/25/2021,-0.002716384,-0.031848711,-0.020771779,0.049042667,-0.040609755,-0.014694259,0.00113199,0.010547321,0.011716167,-0.050457811,-0.052666637,-0.009099933,0.003853411,
1/27/2021,-0.017509728,-0.030768255,-0.003639389,-0.010057784,0.038326229,-0.033079841,-0.013342434,0.007445127,0.003840473,0.003077554,-0.023731892,-0.014192686,0.027216592,
1/28/2021,-0.017821782,0.00209302,0.001669772,-0.00884292,-0.007592571,-0.016720713,-0.005959147,-0.013657601,-0.01430256,0.003068112,0.01276748,-0.005081301,0.002809699,
1/29/2021,-0.018749975,-0.014068008,0.000833494,0.00284738,0.006944473,-0.019767062,0.017754165,0.010479824,-0.01510714,0.034053859,0.020955063,0.004256043,0.013308677,
2/1/2021,0.07170734,0.016802687,0.007703544,-0.012871452,-0.026417271,0.084721149,0.014952438,0.015815006,0.007578513,0.06941428,0.022446603,0.035090609,-0.005419482,
2/2/2021,0.059240847,0.006475142,0.011157012,0.025886865,-0.004202185,0.030919841,0.036830357,0.047976462,0.001985635,0.009588811,0.01607548,0.061578837,0.061634682,
2/3/2021,-0.026425295,-0.004059018,0.004290981,0.004112172,-0.008801602,0.016754437,0.011194859,-0.009279486,0.04227722,0.005662056,0.020071629,0.032860209,0.003142431,
2/4/2021,0.014128974,-0.021131724,0.02787388,0.008935197,0.005230567,0.001553495,0.017244998,0.01274813,0.032380776,0.027061433,0.018403564,0.18984313,0.030438327,
2/5/2021,-0.005316268,-0.010429698,-0.012371338,0.008118126,-0.007623486,0.005078017,0.001465074,-0.016673601,0.003962482,-0.010433288,-0.026064573,0.007783094,-0.016314986,
2/8/2021,0.011242235,0.01687182,0.02334902,0.05069537,-0.004511586,0.004354252,0.010031322,0.031254166,-0.006893115,0.00035742,0.024700482,-0.010338799,-0.000927104,
2/9/2021,-0.013850987,0.037238553,-0.019682762,-0.01323807,-0.004164655,0.005012147,-0.049451675,-0.017915598,-0.009571775,0.009467645,-0.015184299,-0.000503492,-0.015260472,
2/10/2021,0.004989858,0.001495901,-0.019078989,0.027007922,0.004551061,0.007298756,0.012189826,0.052455177,0.037131203,-0.00937885,0.003083683,0.050497466,-0.003874257,
2/11/2021,0.018389114,-0.002031426,-0.003462347,0.030938467,-0.022039916,-0.00234903,-0.01827957,0.014273056,0.035638399,-0.017506231,0.018214618,0.00179813,-0.002023481,
2/12/2021,0.001986343,-0.007742926,0.05763338,0.001167076,-0.001126862,0.011193183,0.008324179,0.118818842,0.013312312,-0.001818182,0.003094672,-0.019743927,0.017853329,
2/15/2021,0.021445239,-0.011805678,-0.016521716,0.030141508,-0.009902185,0.024699965,0.03302197,0.024546182,-0.001609771,0.033151206,-0.006621714,0.015991181,0.009158211,
2/16/2021,0.002293556,-0.002645772,0.007368111,-0.005981169,0.006962906,-0.000629289,-0.014511028,-0.02814034,0.01388676,-0.006170663,0.00473431,-0.017782035,0.011510434,
2/17/2021,0.00915334,-0.025344392,-0.011897808,0.025369938,-0.005406146,-0.018645097,-0.008536065,0.020570923,0.009182325,-0.038850495,0.02054433,0.001467905,-0.032516423,
2/18/2021,-0.013431035,0.034587484,0.008882748,0.00301352,0.007963657,-0.021459067,-0.007102924,-0.023191584,-0.017231751,-0.012735259,-0.004469434,0.012336601,0.01985646,
2/19/2021,-0.02652051,-0.021977152,0.008608871,0.003162555,-0.005141756,-0.00140242,-0.009104665,-0.028654362,0.002379216,0.007478033,-0.013542594,0.013996183,0.012919976,
2/22/2021,-0.030330461,-0.012166568,-0.031037827,-0.038619166,-0.024076611,-0.03259406,-0.015095152,0.03660641,0.008513932,-0.003896895,0.00714635,-0.045930552,-0.015290998,
2/23/2021,-0.008428544,-0.006221109,-0.027327315,-0.018363685,-0.012658212,-0.008804787,-0.006219499,-0.017869388,-0.033512407,-0.003166938,0.005639205,-0.00099774,0.033786556,
2/24/2021,0.013978019,-0.004573752,0.020994096,0.017704986,-0.002747301,0.030111047,0.042467591,-0.010687101,0.004976191,0.000560734,0.003565008,0.01535579,0.005804118,
2/25/2021,0.04210141,0.005251192,-0.0136075,0.013950435,0.006427948,-0.008512621,-0.001286463,-0.002833759,-0.003898032,0.004669406,0.002849392,-0.002582043,-0.019516073,
2/26/2021,-0.02216665,-0.04067406,-0.022481096,-0.008740634,0.004040635,-0.054121523,-0.002361476,0.025385763,0.001639331,0.006320809,-0.013246797,-0.009492125,0.024299729,
3/1/2021,0.016087729,0.037370499,-0.007526606,0.003918947,0.003505144,0.026226707,-0.020443296,-0.010211746,-0.010189497,0.003510114,0.009797304,-0.001742407,0.02727432,
3/2/2021,0.003238553,0.011895125,-0.011796937,0.024398179,0.002328574,-0.016116654,0.008347952,-0.011143857,0.026136121,0.012702436,0.011553917,0.086398268,0.004176945,
3/3/2021,0.011836508,0.00489466,0.03602642,0.013496348,0.009163703,0.03545238,-0.001089325,0.024439395,0.011539635,0.009452849,-0.00911559,0.001032779,0.008629987,
3/4/2021,0.035093916,0.006244536,0.039711909,0.003760026,0.015091428,-0.027100815,0.017884432,0.030200683,0.001798561,0.002521204,-0.001884159,0.007910151,-0.009741206,
3/5/2021,-0.024657576,-0.012411567,0.002374851,0.01154981,0.01877279,-0.015118392,-0.014356143,-0.014927775,0.017850756,-0.005209313,-0.000407202,-0.034804409,-0.000670231,
3/8/2021,0.003335717,-0.001843302,0.007699889,-0.00570892,0.00902801,-0.013227683,-0.007608696,0.002815081,0.005341922,0.02022393,0.001555249,0.049964678,-0.008454436,
3/9/2021,0.018547639,0.016787678,0.059659056,-0.01350095,0.014952753,0.026710506,-0.009419469,0.049144188,-0.021655257,0.002477919,0.005767774,-0.005836153,-0.025458914,
3/10/2021,0.003264086,0.003818054,0.039290008,0.006921446,0.013162691,0.008730066,-0.000663464,0.007158404,0.021366027,0.021716079,0.004558285,0.017498307,0.005700689,
3/12/2021,-0.008561644,-0.012582436,0.061288051,-0.009842193,-0.02205006,-0.012231729,0.006196102,0.009108597,0.003009933,0.020044886,-0.004940169,-0.015533119,0.017892374,
3/15/2021,-0.020207275,-0.019301683,-0.033526109,-0.002682253,-0.021937843,-0.012655763,-0.011876016,0.00972731,-0.030159072,0.012705404,-0.001838776,-0.016792476,-0.034332547,
3/16/2021,0.006698375,0.048237833,-0.017084339,0.003480481,-0.005981293,-0.009899467,-0.003338527,-0.035249849,-0.007580811,0.051522229,-0.001400062,-0.00951404,0.020785315,
3/17/2021,-0.016459401,-0.018492321,0.015175534,-0.02144092,-0.031966904,0.002051524,0.000669983,0.004545278,-0.00810641,-0.004295182,-0.002102993,-0.028237431,-0.007049333,
3/18/2021,0.000712059,-0.007594008,-0.011819899,-0.0183664,-0.0159285,-0.000377632,-0.03057356,-0.031393615,-0.004295931,0.012941325,-0.029578142,-0.034417082,0.012665104,
3/19/2021,0.008539493,0.002786364,0.017678079,-0.028064953,0.046321819,0.006780325,0.007596727,-0.009973993,-0.018836119,0.027760214,0.031051168,0.040453858,-0.016561642,
3/22/2021,0.042864679,0.005992722,0.041223813,0.009456223,-0.016098589,7.91E-05,0.029243746,0.018873785,-0.023755924,-0.004297096,-0.000295636,-0.003793209,-0.008370579,
3/23/2021,0.029939127,-0.006348643,0.000415007,0.008364002,-0.020580309,-0.008669627,0.025305203,0.025443846,-0.000823949,-0.019882805,0.015265783,-0.032246592,-0.006712935,
3/24/2021,-0.002135078,0.013794963,-0.039907156,-0.004479118,-0.03171494,-0.017590304,0.013422845,-0.036512625,-0.040901608,-0.047491761,-0.00131061,0.002459117,-0.00168956,
3/25/2021,-0.031928842,-0.016922141,-0.021085295,0.000833195,-0.010648368,0.002027781,-0.008545183,0.005338787,0.030952654,0.002971748,-0.005249588,0.017539541,0.008916856,
3/26/2021,0.002720122,0.042856529,0.016860853,0.007659069,0.044550425,0.025093595,0.013574634,0.010350849,-0.000667158,0.02600821,0.019313209,-0.009884223,0.008612679,
3/30/2021,0.016785393,0.029100113,0.042451622,0.039491016,0.006521455,0.028782905,-0.02062071,0.034493834,0.041170579,-0.004171307,-0.009383711,0.016922283,0.006454015,
